Name,Email,Days,Score
Ramya,Ramya@gmail.com,65,96
Ruby,ruby12@gmail.com,43,76
Chris,chr1s2@gmail.com,21,60
Rahul,Rahul564@gmail.com,75,87
Sharon,Shar0n@gmail.com,32,65
Arthur,Arthur2@gmail.com,27,43
Michelle,mimmi@gmail.com,89,87
Vilas,Vilas26@gmail.com,57,99
Kris,kris65@gmail.com,66,89
Croca,54Croca@gmail.com,14,34
Touca,11touCa@gmail.com,44,90
